ID;MARCA
1;Evergreen
2;Maersk
3;Triton
4;Evergreen
5;Maersk
6;Evergreen
7;Triton
8;Maersk
9;Evergreen
10;Maersk
11;Evergreen
12;Triton
13;Maersk
14;Evergreen
15;Maersk
16;Evergreen
17;Triton
18;Maersk
19;Evergreen
20;Maersk
21;Evergreen
22;Triton
23;Maersk
24;Evergreen
25;Evergreen
26;Maersk
27;Evergreen
28;Maersk
29;Evergreen
30;Maersk
31;Evergreen
32;Maersk
33;Evergreen
34;Maersk
35;Evergreen
36;Maersk
37;Evergreen
38;Maersk
39;Evergreen
40;Maersk
41;Evergreen
42;Maersk
43;Evergreen
44;Maersk
45;Evergreen
46;Maersk
47;Evergreen
48;Maersk
49;Evergreen
50;Maersk
51;Evergreen
52;Maersk
53;Evergreen
54;Maersk
55;Evergreen
56;Maersk
57;Evergreen
58;Maersk
59;Evergreen
60;Maersk
61;Evergreen
62;Maersk
63;Evergreen
64;Maersk
65;Evergreen
66;Maersk
67;Evergreen
68;Maersk
69;Evergreen
70;Maersk
71;Evergreen
72;Maersk
73;Evergreen
74;Xiaomi
75;Evergreen
76;Samsung
77;Evergreen
78;Triton
79;Maersk
80;Maersk
81;Maersk
82;Evergreen
83;Evergreen
84;Triton
85;Evergreen
86;Maersk
87;Evergreen
88;Maersk
89;Evergreen
90;Xiaomi
91;Maersk
92;Maersk
93;Triton
94;Samsung
95;Maersk
96;Maersk
97;Evergreen
98;Triton
99;Triton
100;Evergreen
101;Maersk
102;Evergreen
103;Maersk
104;Xiaomi
105;Maersk
106;Triton
107;Samsung
108;Maersk
109;Maersk
110;Evergreen
